{
  "config_path": "C:\\Users\\A\\Documents\\MATLAB\\HCDR_v6-codex\\results\\online_config\\routeb_online_config_manual_smoke.json",
  "trajectory": "helix",
  "dt": 0.02,
  "move_duration": 5.0,
  "settle_duration": 0.8,
  "helix_axis": "x",
  "records": [
    {
      "mode": "cooperative",
      "trajectory": "helix",
      "summary": {
        "tip_rmse": [
          0.0005646862129050472,
          0.0008901225192659459,
          0.00093240636969545
        ],
        "tip_max_error": 0.002355472501706876,
        "first_fail_step": -1,
        "solver_fail_count": 0,
        "platform_limit_violation_count": 0,
        "initial_platform_pose": [
          2.4894965484327316e-05,
          0.028226693718620077,
          0.0016092699339452798
        ],
        "final_platform_pose": [
          -0.0016581149520791536,
          0.001025078854901,
          -0.00010297770981917464
        ],
        "platform_delta": [
          -0.001683009917563481,
          -0.027201614863719078,
          -0.0017122476437644544
        ],
        "initial_arm_pose": [
          -0.0016092699339452798,
          0.5799872357236486,
          0.91999727475174,
          -0.0016099241242511254,
          0.006347483742287233,
          -9.917066951988562e-07
        ],
        "final_arm_pose": [
          0.15798661361926036,
          0.3111611246110192,
          0.7820439358609784,
          -0.21038544382067148,
          -0.065660514478329,
          0.19319385594402563
        ],
        "arm_final_delta_norm": 0.45040655675202307,
        "arm_max_delta_norm": 0.4506880131363368,
        "arm_max_abs_joint_delta": [
          0.16653189626982906,
          0.2832778564335216,
          0.27042672647266386,
          0.20877551969642036,
          0.13623883054373104,
          0.19319484765072084
        ],
        "arm_max_qd_norm": 0.892711013763235,
        "arm_max_abs_torque": [
          0.036378415034676835,
          0.22222418893583007,
          0.030364036325541792,
          0.004073907599560456,
          0.013632981170355501,
          0.0001285687180601256
        ],
        "solver_backend_counts": {
          "osqp": 290
        },
        "fail_reason_counts": {
          "none": 290
        },
        "max_platform_abs": [
          0.014349273294593932,
          0.028212861715201876,
          0.0029766231313695167
        ],
        "min_platform_limit_margin": 0.3111826422276098,
        "min_platform_distance_margin_m": 0.3217733062813799,
        "min_platform_angle_margin_rad": 0.3111826422276098,
        "max_cable_force": 7.0,
        "min_cable_length": 1.1771957052859767,
        "max_cable_length": 1.226986714801743,
        "nonzero_cable_force_step_count": 290,
        "fallback_count": 0,
        "hold_ratio": 0.0,
        "phase_metrics": {
          "acquisition": {
            "count": 0,
            "rmse": [
              0.0,
              0.0,
              0.0
            ],
            "max_error": 0.0,
            "mean_error_norm": 0.0
          },
          "near_goal": {
            "count": 254,
            "rmse": [
              0.0006030983121329204,
              0.000945232248395428,
              0.0009962074422186693
            ],
            "max_error": 0.002355472501706876,
            "mean_error_norm": 0.0013216320619345667
          },
          "terminal_approach": {
            "count": 36,
            "rmse": [
              4.8775763072302265e-05,
              0.0002804951937084231,
              3.481739564215183e-05
            ],
            "max_error": 0.00034843172147187965,
            "mean_error_norm": 0.0002782292789251179
          },
          "terminal_hold": {
            "count": 0,
            "rmse": [
              0.0,
              0.0,
              0.0
            ],
            "max_error": 0.0,
            "mean_error_norm": 0.0
          }
        },
        "terminal_static_drift_max": 0.00023163152343461967,
        "terminal_static_drift_mean": 8.074840911543388e-05,
        "terminal_static_sample_count": 40,
        "hold_drift_max": 0.0,
        "hold_drift_mean": 0.0,
        "hold_sample_count": 0,
        "pre_hold_last10_rmse": [
          6.37765807231777e-05,
          0.00016942432279569,
          1.445494274845531e-05
        ],
        "pre_hold_last10_max_error": 0.00022465403477781146,
        "pre_hold_last10_count": 10,
        "pre_hold_last10_source": "no_terminal_hold_last10",
        "trajectory_error_rmse_norm": 0.0014073273452178947,
        "trajectory_error_time_mean_norm": 0.001195914615472332,
        "trajectory_final_error_norm": 0.0001361349688814406,
        "radial_error_rmse_m": 0.0003415535064651272,
        "radial_error_max_abs_m": 0.0008416850824623998,
        "z_error_rmse_m": 0.0009324063696954502,
        "z_error_max_abs_m": 0.0021715831441138644,
        "helix_axis": "x",
        "initialization": {
          "mode": "cooperative",
          "target_tip_world": [
            0.05702116438719139,
            0.04000237141180246,
            0.24858416458402444
          ],
          "final_tip_world": [
            0.05701217033081339,
            0.03993174440555292,
            0.24858780290022997
          ],
          "final_error_norm": 7.129028269487023e-05,
          "iterations": 2,
          "variable_indices": [
            0.0,
            1.0,
            2.0,
            3.0,
            4.0,
            5.0,
            6.0,
            7.0,
            8.0
          ],
          "success": true
        },
        "start_error_norm": 7.129028269487023e-05
      }
    }
  ]
}