original_index,dx_m,dy_m,dz_m,target_x_m,target_y_m,target_z_m,success_all,tip_rmse_norm,tip_rmse_x,tip_rmse_y,tip_rmse_z,max_dyn_residual,near_lower_ratio,min_safe_tension_margin_N,early_tension_variation,selection_score,worst_cable_index
4,0.1,0.04,0.48,0.157035519377218,0.0500010142488494,0.765124963237541,1,0.139640022965938,0.0249722308503197,0.0110238542604702,0.136945968679366,7.04485777512762e-14,0.025,7.0885519676267e-12,20.9354091062616,18.1426086469429,5
7,0.14,-0.04,0.48,0.197035519377218,-0.0299989857511506,0.765124963237541,1,0.141822926464749,0.0358088735176936,0.0109323193614638,0.136791635130948,6.73130338375468e-14,0.025,7.66497976201208e-12,20.9571364450665,18.1206779157715,7
3,0.1,-0.04,0.4,0.157035519377218,-0.0299989857511506,0.685124963237541,1,0.117376939610231,0.0258159528565351,0.0108988120551846,0.113982886549511,8.45467326105255e-12,0.025,1.35091937636389e-12,16.0917373949395,13.7441986027349,3
6,0.14,-0.1,0.4,0.197035519377218,-0.0899989857511506,0.685124963237541,1,0.122650014299263,0.0365912774411109,0.0273506565522584,0.113824628305993,4.37752247431773e-14,0.025,9.76996261670138e-15,16.052142376914,13.5991420909287,3
10,0.18,-0.1,0.4,0.237035519377218,-0.0899989857511506,0.685124963237541,1,0.126257115749332,0.0474333715160092,0.0273490494922797,0.113767148315466,6.85439552083898e-11,0.025,4.49240644684323e-12,16.0044009833817,13.479258668395,1
